Terraforming Mars,1-5p,90,120
Dune Imperium,1-4p,60,120
Dinosaur Island ,1-4p,90,120
Dinosaur World,2-4p,60,120
Res Arcana,2-4p,30,60
In the Hall of the Mountain King,2-5p,90,90
Rival Restaurants,2-6p,45,60
Dead of Winter: Long Night,2-5p,60,120
Great Western Trail,2-4p,75,150
The Godfather,2-5p,60,90
Forgotten Waters,3-7p,120,240
Champions of Midgard,2-4p,60,90
Downforce,2-6p,30,45
Camel Up,3-8p,30,30
Star Wars: Outer Rim,1-4p,120,180
Lost Ruins of Arnak,1-4p,30,30
Empires of the North,1-4p,45,90
Brew,2-4p,45,90
Sonar,2-4p,30,30
Takenoko,2-4p,45,45
Via Nebula,2-4p,60,60
Brass:Lancashire,2-4p,60,120
Gloomhaven: Jaws of the Lion,1-4p,30,120
King of Tokyo,2-6p,30,30
Ticket to Ride,2-5p,30,60
Horrified,1-5p,60,60
Robinson Crusoe:AotCI,1-4p,60,120
Sheriff of Nottingham,3-5p,60,60
Tokaido,2-5p,45,45